nom,prenom,numero_utilisateur,login,email,adresse,droits,departement,poste,manager_email,active_directory_data
Dupont,Jean,1001,jean.dupont@iutcv.fr,jean.dupont@iutcv.fr,"123 Rue de la République, Paris",Administration,IT,Développeur,manager@entreprise.com,"{""distinguishedName"": ""CN=Jean Dupont,OU=IT,DC=entreprise,DC=com"", ""groups"": [""IT_Users"", ""Developers""], ""department"": ""IT""}"
Martin,Sophie,1002,sophie.martin@iutcv.fr,sophie.martin@iutcv.fr,"456 Avenue des Champs, Lyon",Ventes,RH,Responsable RH,directeur@entreprise.com,"{""distinguishedName"": ""CN=Sophie Martin,OU=RH,DC=entreprise,DC=com"", ""groups"": [""HR_Users"", ""Managers""], ""department"": ""RH""}"
Durand,Pierre,1003,pierre.durand@iutcv.fr,pierre.durand@iutcv.fr,"789 Boulevard Saint-Michel, Marseille",Comptabilité,Finance,Comptable,chef.finance@entreprise.com,"{""distinguishedName"": ""CN=Pierre Durand,OU=Finance,DC=entreprise,DC=com"", ""groups"": [""Finance_Users""], ""department"": ""Finance""}"
Moreau,Marie,1004,marie.moreau@iutcv.fr,marie.moreau@iutcv.fr,"321 Rue Victor Hugo, Toulouse",Ressources Humaines,Commercial,Commerciale,manager.commercial@entreprise.com,"{""distinguishedName"": ""CN=Marie Bernard,OU=Commercial,DC=entreprise,DC=com"", ""groups"": [""Sales_Users""], ""department"": ""Commercial""}"
Bernard,Luc,1005,luc.bernard@iutcv.fr,luc.bernard@iutcv.fr,"654 Place de la Liberté, Nice",Ventes,Commercial,Commerciale,manager.commercial@entreprise.com,"{""distinguishedName"": ""CN=Marie Bernard,OU=Commercial,DC=entreprise,DC=com"", ""groups"": [""Sales_Users""], ""department"": ""Commercial""}"
Petit,Claire,1006,claire.petit@iutcv.fr,claire.petit@iutcv.fr,"987 Cours Lafayette, Bordeaux",Administration,IT,Développeur,manager@entreprise.com,"{""distinguishedName"": ""CN=Jean Dupont,OU=IT,DC=entreprise,DC=com"", ""groups"": [""IT_Users"", ""Developers""], ""department"": ""IT""}"
Roux,Antoine,1007,antoine.roux@iutcv.fr,antoine.roux@iutcv.fr,"147 Rue de Rivoli, Strasbourg",Comptabilité,Finance,Comptable,chef.finance@entreprise.com,"{""distinguishedName"": ""CN=Pierre Durand,OU=Finance,DC=entreprise,DC=com"", ""groups"": [""Finance_Users""], ""department"": ""Finance""}"
Leroy,Isabelle,1008,isabelle.leroy@iutcv.fr,isabelle.leroy@iutcv.fr,"258 Avenue Foch, Lille",Ressources Humaines,RH,Responsable RH,directeur@entreprise.com,"{""distinguishedName"": ""CN=Sophie Martin,OU=RH,DC=entreprise,DC=com"", ""groups"": [""HR_Users"", ""Managers""], ""department"": ""RH""}"
